3S,
AJ네트웍스,
AK홀딩스,
AP시스템,수급주
AP위성,
BGF,
BGF리테일,
BNK금융지주,수급주
BYC,
CJ,
CJ CGV,수급주
CJ ENM,
CJ대한통운,
CJ씨푸드,
CJ제일제당,
CJ프레시웨이,
CMG제약,
CNH,
CS,
CS홀딩스,
DB,
DB금융투자,
DB손해보험,
DB하이텍,수급주
DGB금융지주,
DL,
DL건설,
DL이앤씨,
DMS,
DRB동일,
DSC인베스트먼트,
DSR,
DSR제강,
E1,
EDGC,
F&F,
F&F홀딩스,
FSN,
GH신소재,
GKL,
GS,
GST,
GS건설,
GS글로벌,
GS리테일,
HB솔루션,
HB테크놀러지,수급주
HDC,
HDC아이콘트롤스,
HDC현대EP,
HDC현대산업개발,
HK이노엔,
HMM,
HRS,
IHQ,
ISC,
JB금융지주,
JW신약,
JW중외제약,
JYP Ent.,수급주
KBI메탈,
KB금융,
KB오토시스,
KCC,
KCC건설,
KCC글라스,
KCI,
KCTC,
KC그린홀딩스,
KEC,수급주
KG ETS,
KG동부제철,
KG모빌리언스,
KG이니시스,
KG케미칼,
KH E&T,
KH바텍,수급주
KISCO홀딩스,
KMH,
KMH하이텍,
KNN,
KPX생명과학,
KPX케미칼,
KPX홀딩스,
KT,
KT&G,
KTB투자증권,
KTcs,
KTis,
KT서브마린,
LF,
LG,
LG디스플레이,대형주
LG생활건강,대형주
LG유플러스,
LG이노텍,대형주
LG전자,대형주
LG헬로비전,
LG화학,대형주
LIG넥스원,
LS,
LS ELECTRIC,
LS네트웍스,
LS전선아시아,
LX세미콘,
LX인터내셔널,
LX하우시스,
LX홀딩스,
MH에탄올,
NAVER,대형주
NE능률,
NHN,
NHN벅스,
NHN한국사이버결제,수급주
NH투자증권,
NICE,
NICE평가정보,
NI스틸,
NPC,
OCI,대형주
PI첨단소재,수급주
PN풍년,
POSCO,대형주
RFHIC,
RF머트리얼즈,
S&K폴리텍,
S-Oil,
SBI인베스트먼트,
SBI핀테크솔루션즈,
SBS,
SBS미디어홀딩스,
SBS콘텐츠허브,
SCI평가정보,
SDN,
SFA반도체,수급주
SG,
SG&G,
SGC에너지,
SGC이테크건설,
SG글로벌,
SG세계물산,
SH에너지화학,
SIMPAC,
SJM,
SJM홀딩스,
SK,대형주
SKC,수급주
SK가스,
SK네트웍스,
SK디스커버리,
SK디앤디,
SK렌터카,
SK머티리얼즈,수급주
SK바이오사이언스,수급주
SK바이오팜,수급주
SK아이이테크놀로지,수급주
SK이노베이션,대형주
SK증권,
SK케미칼,수급주
SK텔레콤,
SK하이닉스,대형주
SM C&C,
SM Life Design,
SNK,
SNT모티브,
SNT에너지,
SNT중공업,
SNT홀딩스,
SPC삼립,
STX엔진,
STX중공업,
SV인베스트먼트,
TCC스틸,
THE E&M,
TJ미디어,
TPC,
TS인베스트먼트,
TS트릴리온,
TYM,
WI,
WISCOM,
YBM넷,
YG PLUS,
YTN,
YW,
iMBC,
가비아,
가온미디어,
가온전선,
강남제비스코,
강원랜드,대형주
갤럭시아머니트리,
갤럭시아에스엠,
경남스틸,
경남제약,
경농,
경동나비엔,
경동도시가스,
경동인베스트,
경동제약,
경방,
경보제약,
경인양행,
경인전자,
계룡건설,
계양전기,
고려산업,
고려시멘트,
고려신용정보,
고려아연,대형주
고려제강,
고려제약,
고영,
골프존,수급주
골프존뉴딘홀딩스,
광동제약,
광림,
광명전기,
광전자,
광주신세계,
광진윈텍,
교보증권,
교촌에프앤비,
구영테크,
국도화학,
국동,
국보디자인,
국순당,
국영지앤엠,
국일신동,
국일제지,
국전약품,
국제약품,
그리티,
그린케미칼,
그린플러스,
극동유화,
글로벌텍스프리,
글로본,
금강공업,
금강철강,
금비,
금양,
금호건설,
금호석유,수급주
금호에이치티,
금화피에스시,
기산텔레콤,
기신정기,
기아,대형주
기업은행,대형주
까뮤이앤씨,
까스텔바작,
깨끗한나라,
나노,
나노브릭,
나노신소재,수급주
나노엔텍,
나무가,
나무기술,
나스미디어,
나우IB,
나이벡,
나이스디앤비,
나이스정보통신,
나인테크,
남광토건,
남선알미늄,
남성,
남해화학,
남화산업,
남화토건,
네오리진,
네오셈,
네오오토,
네오위즈,수급주
네오위즈홀딩스,
네오이뮨텍(Reg.S),
네오크레마,
네오티스,
네오팜,
네온테크,
네이블,
네이처셀,
네패스,수급주
네패스아크,수급주
넥센,
넥센타이어,
넥스턴바이오,
넥스트BT,
넥스트아이,
넥스틴,
넥슨지티,
넷게임즈,
넷마블,대형주
노랑풍선,
노루페인트,
노루홀딩스,
노바렉스,
노바텍,
노터스,
녹십자,
녹십자랩셀,
녹십자셀,
녹십자엠에스,
녹십자웰빙,
녹십자홀딩스,
농심,
농심홀딩스,
농우바이오,
누리플랜,
누리플렉스,
뉴인텍,
뉴트리,
뉴파워프라즈마,
다나와,
다날,수급주
다믈멀티미디어,
다보링크,
다산네트웍스,
다스코,
다우기술,
다우데이타,
다원시스,수급주
대교,
대덕,
대덕전자,수급주
대동,
대동스틸,
대동전자,
대륙제관,
대림B&Co,
대림제지,
대명소노시즌,
대모,
대보마그네틱,
대봉엘에스,
대상,
대상홀딩스,
대성미생물,
대성산업,
대성에너지,
대성창투,
대성파인텍,
대성홀딩스,
대신정보통신,
대신증권,
대아티아이,
대양금속,
대양전기공업,
대영포장,
대우건설,대형주
대우조선해양,대형주
대웅,
대웅제약,
대원,
대원강업,
대원미디어,
대원산업,
대원전선,
대원제약,
대원화성,
대유,
대유에이텍,
대유에이피,
대정화금,
대주산업,
대주전자재료,수급주
대창,
대창단조,
대창스틸,
대한과학,
대한광통신,
대한뉴팜,
대한방직,
대한약품,
대한유화,
대한제강,
대한제당,
대한제분,
대한항공,대형주
대한해운,
대한화섬,
대현,
대호에이엘,
대화제약,
더네이쳐홀딩스,
더블유게임즈,수급주
더블유에스아이,
더존비즈온,수급주
덕산네오룩스,수급주
덕산테코피아,
덕산하이메탈,
덕성,
덕신하우징,
덕양산업,
덕우전자,
데이타솔루션,
덱스터,
덴티움,
도이치모터스,
도화엔지니어링,
동구바이오제약,
동국S&C,수급주
동국산업,
동국알앤에스,
동국제강,수급주
동국제약,
동남합성,
동방,
동방아그로,
동부건설,
동서,수급주
동성케미컬,
동성화인텍,
동신건설,
동아쏘시오홀딩스,
동아에스티,
동아엘텍,
동아지질,
동아타이어,
동아화성,
동양,
동양생명,
동양에스텍,
동양이엔피,
동양철관,
동양피스톤,
동우팜투테이블,
동운아나텍,
동원F&B,
동원개발,
동원산업,
동원수산,
동원시스템즈,
동일고무벨트,
동일금속,
동일기연,
동일산업,
동일제강,
동진쎄미켐,수급주
동화기업,
동화약품,
두산,
두산밥캣,
두산중공업,대형주
두산퓨얼셀,수급주
두올,
듀오백,
드림시큐리티,
드림씨아이에스,
드림텍,
디바이스이엔지,
디스플레이텍,
디씨엠,
디아이,
디아이티,
디알젬,
디알텍,
디앤씨미디어,
디에이치피코리아,
디에이피,
디엔에프,
디오,수급주
디와이,
디와이파워,
디와이피엔에프,수급주
디지캡,
디지털대성,
디지틀조선,
디케이락,
디케이앤디,
디케이티,
디티알오토모티브,
디티앤씨,
디피씨,수급주
딜리,
딥노이드,
라온시큐어,
라온테크,
라온피플,
라이온켐텍,
라이프시맨틱스,
라파스,
락앤락,
램테크놀러지,
랩지노믹스,수급주
러셀,
레고켐바이오,수급주
레드캡투어,
레몬,
레이,
레이언스,
레이크머티리얼즈,
레인보우로보틱스,
로보로보,
로보스타,
로보티즈,
로지시스,
로체시스템즈,
롯데관광개발,
롯데렌탈,
롯데손해보험,
롯데쇼핑,
롯데정밀화학,대형주
롯데정보통신,
롯데제과,
롯데지주,
롯데칠성,
롯데케미칼,대형주
롯데푸드,
롯데하이마트,
룽투코리아,수급주
리노공업,수급주
리노스,
리드코프,
리메드,수급주
리파인,
린드먼아시아,
링네트,
링크제니시스,
마니커에프앤지,
마이크로컨텍솔,
마이크로프랜드,
마크로젠,
만도,대형주
만호제강,
맘스터치,
매일유업,
매일홀딩스,
매커스,수급주
맥스트,
머큐리,
멀티캠퍼스,
메가스터디,
메가스터디교육,
메가엠디,
메드팩토,
메디아나,
메디포스트,
메리츠금융지주,
메리츠증권,대형주
메리츠화재,대형주
메타바이오메드,
멕아이씨에스,
모나리자,
모나미,
모다이노칩,
모두투어,
모바일어플라이언스,
모베이스,
모베이스전자,
모비릭스,
모아텍,
모토닉,
모트렉스,
모헨즈,
무림P&P,
무림SP,
무림페이퍼,
무학,
문배철강,
미디어젠,
미래나노텍,
미래산업,
미래생명자원,
미래아이앤지,
미래에셋벤처투자,
미래에셋생명,
미래에셋증권,대형주
미래컴퍼니,
미스터블루,
미원상사,
미원에스씨,
미원홀딩스,
미원화학,
미창석유,
미코,
미코바이오메드,
미투온,
미투젠,
민앤지,
바디텍메드,
바른손,
바이넥스,수급주
바이브컴퍼니,
바이오니아,수급주
바이오다인,
바이오로그디바이스,수급주
바이오솔루션,
바이오스마트,
바이오톡스텍,
바이오플러스,
바이젠셀,
바텍,수급주
박셀바이오,수급주
방림,
배럴,
백광산업,
백금T&A,
백산,
버킷스튜디오,
범양건영,
베노홀딩스,
베뉴지,
벽산,
보광산업,
보라티알,
보락,
보령제약,
보성파워텍,
보해양조,
본느,
부광약품,수급주
부국증권,
부국철강,
부방,
부산가스,
부산산업,
부스타,
뷰노,
뷰웍스,
브랜드엑스코퍼레이션,
브레인즈컴퍼니,
브리지텍,
브릿지바이오테라퓨틱스,
브이원텍,
브이티지엠피,
블루콤,
비나텍,
비덴트,수급주
비비씨,
비상교육,
비씨월드제약,
비아트론,
비에이치,수급주
비엠티,
비올,
비즈니스온,
비츠로셀,
비츠로테크,
비트컴퓨터,
비피도,
빅솔론,
빅텍,
빙그레,
빛샘전자,
사람인에이치알,
사조대림,
사조동아원,
사조산업,
사조씨푸드,
삼강엠앤티,수급주
삼기,
삼륭물산,
삼목에스폼,
삼보모터스,
삼보판지,
삼부토건,
삼성SDI,대형주
삼성물산,대형주
삼성바이오로직스,대형주
삼성생명,대형주
삼성에스디에스,대형주
삼성엔지니어링,대형주
삼성전기,대형주
삼성전자,대형주
삼성중공업,대형주
삼성증권,대형주
삼성출판사,
삼성카드,
삼성화재,
삼아알미늄,
삼아제약,
삼양사,
삼양식품,
삼양옵틱스,
삼양통상,
삼양패키징,
삼양홀딩스,
삼영무역,
삼영에스앤씨,
삼영엠텍,
삼영이엔씨,
삼영전자,
삼영화학,
삼원강재,
삼익THK,
삼익악기,
삼일,
삼일기업공사,
삼일씨엔에스,
삼일제약,
삼정펄프,
삼지전자,
삼진,
삼진엘앤디,
삼진제약,
삼천당제약,수급주
삼천리,
삼천리자전거,
삼표시멘트,
삼현철강,
삼호개발,
삼화네트웍스,
삼화왕관,
삼화전기,
삼화콘덴서,
삼화페인트,
상보,
상상인,
상상인증권,
상신브레이크,
상신이디피,
상신전자,
상아프론테크,수급주
새로닉스,
새론오토모티브,
샘씨엔에스,
샘표,
샘표식품,
서린바이오,
서부T&D,
서암기계공업,
서연,수급주
서연이화,
서연탑메탈,
서울가스,
서울바이오시스,
서울반도체,
서울식품,
서울옥션,수급주
서울제약,
서원,
서원인텍,
서전기전,
서진시스템,
서플러스글로벌,
서한,
서호전기,
서흥,
서희건설,
석경에이티,
선광,
선데이토즈,
선도전기,
선익시스템,
선진,
선진뷰티사이언스,
성광벤드,
성도이엔지,
성보화학,
성신양회,
성우전자,
성우테크론,
성우하이텍,
성창기업지주,
성창오토텍,
성호전자,
세경하이테크,
세명전기,
세방,
세방전지,
세보엠이씨,
세아베스틸,
세아제강,
세아제강지주,
세아특수강,
세아홀딩스,
세운메디칼,
세원,
세이브존I&C,
세종공업,
세종메디칼,
세종텔레콤,
세진티에스,
세틀뱅크,
세하,
세화피앤씨,
센코,
센트랄모텍,수급주
셀레믹스,
셀리드,
셀리버리,수급주
셀바스헬스케어,
셀트리온,대형주
셀트리온제약,수급주
셀트리온헬스케어,수급주
소룩스,
소프트센,
소프트캠프,
솔루스첨단소재,수급주
솔루에타,
솔루엠,
솔본,
솔브레인,수급주
솔브레인홀딩스,
솔트룩스,
송원산업,수급주
쇼박스,수급주
수산아이앤티,
수산중공업,
슈프리마,
슈프리마아이디,
슈프리마에이치큐,
슈피겐코리아,
스카이라이프,
스튜디오드래곤,수급주
스페코,
승일,
시공테크,
시너지이노베이션,
시노펙스,
시디즈,
시스웍,
신대양제지,
신도기연,
신도리코,
신라교역,
신라섬유,
신라에스지,
신성델타테크,
신성이엔지,
신성통상,
신세계,대형주
신세계 I&C,
신세계건설,
신세계인터내셔날,
신세계푸드,
신송홀딩스,
신영와코루,
신영증권,
신원,
신원종합개발,
신일전자,
신일제약,
신진에스엠,
신테카바이오,
신풍제약,수급주
신한지주,대형주
신화인터텍,
신흥에스이씨,
실리콘투,
심텍,수급주
심텍홀딩스,
싸이맥스,
싸이버원,
싸이토젠,
쌍방울,
쌍용C&E,
써니전자,
쎄니트,
쎄트렉아이,
쎌바이오텍,
씨아이에스,수급주
씨앤씨인터내셔널,
씨앤지하이테크,
씨앤투스성진,
씨에스베어링,
씨에스윈드,
씨엠에스에듀,
씨유테크,
씨이랩,
씨젠,수급주
씨큐브,
씨티케이,
아난티,
아남전자,
아모그린텍,
아모레G,
아모레퍼시픽,대형주
아모센스,
아모텍,수급주
아미노로직스,
아미코젠,
아바코,
아바텍,
아비코전자,수급주
아세아,
아세아시멘트,
아세아제지,
아세아텍,
아스플로,
아시아경제,
아시아나IDT,
아시아나항공,대형주
아이디스,
아이디스홀딩스,
아이디피,
아이마켓코리아,
아이비김영,
아이센스,
아이스크림에듀,
아이쓰리시스템,
아이씨디,
아이에스동서,
아이에이,
아이오케이,
아이원스,
아이즈비전,
아이컴포넌트,
아이퀘스트,
아이크래프트,
아이텍,
아이티센,
아이티엠반도체,
아이패밀리에스씨,
아주IB투자,수급주
아주스틸,
아즈텍WB,
아진산업,
아진엑스텍,
아톤,
아프리카TV,수급주
안국약품,
안랩,
안트로젠,수급주
알로이스,
알루코,
알리코제약,
알서포트,
알에스오토메이션,
알에프텍,
알엔투테크놀로지,
알체라,수급주
알테오젠,수급주
알티캐스트,
압타머사이언스,
압타바이오,수급주
애경산업,
애경유화,
애니플러스,
액토즈소프트,
액트로,
앤디포스,
앱코,
야스,
얍엑스,
양지사,
어보브반도체,
얼라인드,
에너토크,
에넥스,
에브리봇,
에스넷,
에스디바이오센서,
에스디생명공학,
에스맥,
에스씨디,
에스앤에스텍,
에스에너지,
에스에이엠티,
에스에이티,
에스에프에이,
에스엔유,
에스엘,
에스엠,수급주
에스엠코어,
에스와이,
에스원,
에스제이그룹,
에스텍,
에스텍파마,
에스티아이,
에스폴리텍,
에스퓨얼셀,
에스피시스템스,
에스피지,
에쎈테크,
에이디엠코리아,
에이디테크놀로지,
에이스침대,
에이스토리,
에이에프더블류,
에이치시티,
에이치엘비파워,
에이치엘사이언스,
에이치케이,
에이치피오,
에이테크솔루션,
에이텍,
에이텍티앤,
에이티넘인베스트,
에이팩트,
에이프로,
에이프로젠 MED,
에이플러스에셋,
에이피티씨,
에코마케팅,
에코바이오,
에코프로,수급주
에코프로비엠,수급주
에코프로에이치엔,수급주
에코플라스틱,
에프앤가이드,
에프에스티,
에프엔에스테크,
엑사이엔씨,
엑세스바이오,
엑셈,
엑시콘,
엔바이오니아,
엔브이에이치코리아,
엔비티,
엔시스,
엔씨소프트,대형주
엔에스,
엔에스쇼핑,
엔에프씨,
엔젠바이오,
엔지켐생명과학,
엔텔스,
엔피,
엔피디,
엔피케이,
엘디티,
엘브이엠씨홀딩스,
엘비루셈,
엘비세미콘,
엘앤씨바이오,
엘앤에프,수급주
엘엠에스,
엘오티베큠,
엘컴텍,
엘티씨,
엠게임,
엠브레인,
엠씨넥스,수급주
엠아이텍,
엠에스씨,
엠에프엠코리아,
엠케이전자,
엠투아이,
엠플러스,
연우,
영림원소프트랩,
영보화학,
영신금속,
영우디에스피,
영원무역,
영원무역홀딩스,
영진약품,
영풍,
영풍정밀,
영풍제지,
영화금속,
영화테크,
영흥,
예선테크,
예스24,
예스코홀딩스,
오공,
오디텍,
오뚜기,
오로라,
오로스테크놀로지,
오리온,
오리온홀딩스,
오리콤,
오비고,
오성첨단소재,
오션브릿지,
오스코텍,
오스테오닉,
오스템,
오스템임플란트,수급주
오이솔루션,수급주
오킨스전자,
오텍,
오파스넷,
오픈베이스,
오하임아이엔티,
올릭스,
옴니시스템,
옵트론텍,
옵티시스,
옵티팜,
와이더플래닛,
와이솔,수급주
와이아이케이,
와이어블,
와이엔텍,
와이엠씨,수급주
와이엠텍,
와이엠티,
와이제이엠게임즈,
와이즈버즈,
와이지-원,
와이지엔터테인먼트,수급주
와이팜,
와토스코리아,
용평리조트,
우리금융지주,
우리기술,
우리기술투자,수급주
우리넷,
우리바이오,
우리산업,
우리산업홀딩스,
우리손에프앤지,
우리이앤엘,
우리조명,
우리종금,
우림피티에스,
우성,
우수AMS,
우신시스템,
우양,
우원개발,
우주일렉트로,
우진,
우진비앤지,
우진아이엔에스,
웅진,
웅진씽크빅,
원림,
원바이오젠,
원방테크,
원익,
원익IPS,수급주
원익QnC,수급주
원익머트리얼즈,수급주
원익큐브,
원익피앤이,
원익홀딩스,
원일특강,
원준,
원티드랩,수급주
원풍,
월덱스,수급주
웰크론,
웰크론한텍,
웹스,
웹젠,
웹케시,
위닉스,
위더스제약,
위드텍,
위세아이텍,
위즈코프,
위지윅스튜디오,수급주
위지트,수급주
윈스,
윈텍,
윈팩,
윌링스,
윌비스,
윙입푸드,
유나이티드제약,
유니드,
유니셈,
유니온,
유니온머티리얼,
유니온커뮤니티,
유니켐,
유니퀘스트,
유니크,
유니테스트,수급주
유니테크노,
유니트론텍,
유라테크,
유비벨록스,
유비케어,
유비쿼스,
유비쿼스홀딩스,
유성기업,
유성티엔에스,
유수홀딩스,
유신,
유안타증권,
유에스티,
유엔젤,
유유제약,
유일에너테크,
유진기업,
유진테크,
유진투자증권,
유티아이,
유틸렉스,
유한양행,대형주
유화증권,
율촌화학,
율호,
이건산업,
이건홀딩스,
이구산업,
이글루시큐리티,
이글벳,
이노뎁,
이노메트리,
이노션,
이노와이어리스,
이노테라피,
이녹스,수급주
이녹스첨단소재,수급주
이니텍,
이라이콤,
이랜시스,
이랜텍,
이루다,
이루온,
이마트,대형주
이베스트투자증권,
이브이첨단소재,
이삭엔지니어링,
이상네트웍스,
이수화학,
이스타코,
이스트소프트,
이씨에스,
이엔드디,
이엔에프테크놀로지,
이엘피,
이엠넷,
이엠텍,
이연제약,수급주
이오테크닉스,수급주
이월드,
이지바이오,
이지케어텍,
이지홀딩스,
이크레더블,
이트론,
이퓨쳐,
이화공영,
이화전기,
인바디,
인바이오,
인베니아,
인산가,
인선이엔티,수급주
인성정보,
인스코비,
인지디스플레,
인지컨트롤스,
인천도시가스,
인콘,
인크로스,
인탑스,
인터로조,
인터지스,
인터파크,
인텍플러스,
인텔리안테크,
인트론바이오,
인팩,
인포바인,
인포뱅크,
인피니트헬스케어,
인화정공,
일동제약,
일성건설,
일성신약,
일승,
일신바이오,
일신방직,
일신석재,
일양약품,
일진다이아,
일진머티리얼즈,수급주
일진전기,
일진파워,
일진하이솔루스,
일진홀딩스,
잇츠한불,
잉글우드랩,
자연과환경,
자이언트스텝,
자이에스앤디,
정다운,
정산애강,
정상제이엘에스,
정원엔시스,
제너셈,
제넥신,수급주
제노레이,
제노코,
제노포커스,
제놀루션,
제로투세븐,
제룡산업,
제룡전기,
제우스,
제이브이엠,
제이스텍,
제이시스메디칼,
제이씨케미칼,
제이씨현시스템,
제이에스코퍼레이션,수급주
제이엔케이히터,
제이엘케이,
제이엠티,
제이티,
제일기획,
제일바이오,
제일약품,
제일연마,
제일전기공업,
제일테크노스,
제일파마홀딩스,
제주맥주,
제주반도체,
제주은행,
제테마,
젬백스,
젬백스링크,
조광ILI,
조광피혁,
조비,
조선내화,
조선선재,
조아제약,
조이시티,
종근당,
종근당바이오,
종근당홀딩스,
주성엔지니어링,수급주
주연테크,
줌인터넷,
중앙백신,
중앙에너비스,
지노믹트리,
지놈앤컴퍼니,
지누스,수급주
지니뮤직,
지니언스,
지니틱스,
지란지교시큐리티,
지아이텍,
지앤비에스엔지니어링,
지어소프트,
지에스이,
지엔씨에너지,
지엔원에너지,
지엠비코리아,
지역난방공사,
지투알,
진로발효,
진매트릭스,
진바이오텍,
진성티이씨,
진시스템,
진양산업,
진양제약,
진양폴리,
진양홀딩스,
진양화학,
진흥기업,
차바이오텍,수급주
차백신연구소,
참엔지니어링,
참좋은여행,
창해에탄올,
천랩,
천보,
천일고속,
청담러닝,
초록뱀미디어,수급주
칩스앤미디어,
카스,
카카오,대형주
카카오게임즈,대형주
카카오뱅크,대형주
카페24,
캠시스,
컬러레이,
컴투스,수급주
컴퍼니케이,
케어랩스,
케어젠,
케이디켐,
케이사인,
케이씨,
케이씨에스,
케이씨텍,수급주
케이씨티,
케이씨피드,
케이아이엔엑스,
케이에스피,
케이엔제이,
케이엘넷,
케이엠,
케이엠더블유,수급주
케이엠제약,
케이카,
케이티알파,
케이프,
케이프이에스제4호,
케이피에스,
케이피에프,
케이피티유,
켐온,
켐트로닉스,
켐트로스,
코나아이,
코데즈컴바인,
코디,
코렌텍,
코리아나,
코리아센터,
코리아써키트,수급주
코리아에셋투자증권,
코리아에프티,
코리안리,
코맥스,
코메론,
코미코,수급주
코세스,
코스맥스,
코스맥스비티아이,
코스맥스엔비티,
코스메카코리아,
코스모신소재,수급주
코스모화학,수급주
코아시아,
코엔텍,
코오롱,
코오롱글로벌,
코오롱인더,수급주
코오롱플라스틱,수급주
코웨이,대형주
코웰패션,
코위버,
코윈테크,수급주
코콤,
코텍,
코퍼스코리아,
코프라,
콜마비앤에이치,수급주
콤텍시스템,
쿠콘,수급주
쿠쿠홀딩스,
쿠쿠홈시스,
퀀타매트릭스,
큐라클,
큐렉소,
큐로,
큐브엔터,
큐에스아이,
큐캐피탈,
크라운제과,
크라운해태홀딩스,
크래프톤,대형주
크리스에프앤씨,
크리스탈신소재,
크리스탈지노믹스,
크린앤사이언스,
클라우드에어,
클래시스,
클리오,
키네마스터,
키다리스튜디오,
키움증권,
키이스트,
타이거일렉,
탑엔지니어링,
태경비케이,
태경산업,
태경케미컬,
태광,
태광산업,
태림포장,
태양,
태영건설,
태웅로직스,
태평양물산,
테고사이언스,
테라사이언스,
테라젠이텍스,
테스,
테스나,수급주
테이팩스,
테크윙,
텔레칩스,
텔코웨어,
토박스코리아,
토비스,
토탈소프트,
톱텍,
특수건설,
티라유텍,
티로보틱스,
티비씨,
티사이언티픽,
티씨케이,
티앤알바이오팹,
티앤엘,
티에스아이,
티에스이,수급주
티에이치엔,
티엘비,
티와이홀딩스,
티움바이오,
티케이케미칼,
티플랙스,
티피씨글로벌,
팅크웨어,
파나진,
파라다이스,수급주
파마리서치,
파미셀,
파버나인,
파세코,
파수,
파워넷,
파워로직스,
파이오링크,
파인디지털,
파인테크닉스,수급주
파커스,
파크시스템스,
파트론,수급주
팜스빌,
팜스코,
팜스토리,
팜젠사이언스,
패션플랫폼,
팬엔터테인먼트,
팬오션,수급주
퍼스텍,
펄어비스,수급주
펌텍코리아,
펩트론,
포메탈,
포스코 ICT,
포스코강판,
포스코엠텍,
포스코인터내셔널,
포스코케미칼,대형주
포시에스,
포인트엔지니어링,
포커스에이치엔에스,
폴라리스우노,
푸드나무,
푸드웰,
푸른기술,
푸른저축은행,
풀무원,
풍강,
풍국주정,
풍산,수급주
풍산홀딩스,
프럼파스트,
프레스티지바이오로직스,
프레스티지바이오파마,
프로이천,
프로텍,
프롬바이오,
프리시젼바이오,
프리엠스,
플래티어,
플랜티넷,
플레이디,
플레이위드,
플리토,
피씨디렉트,
피앤씨테크,
피에스케이,수급주
피에스케이홀딩스,
피에이치씨,
피에이치에이,
피엔에이치테크,
피엔케이피부임상연구센타,
피엔티,수급주
피제이메탈,
피제이전자,
픽셀플러스,
필옵틱스,
핌스,
핑거,
하나금융지주,대형주
하나마이크론,수급주
하나머티리얼즈,수급주
하나제약,
하나투어,수급주
하림,
하림지주,
하이로닉,
하이록코리아,
하이브,대형주
하이비젼시스템,
하이스틸,
하이즈항공,
하이텍팜,
하이트진로,수급주
하이트진로홀딩스,
하츠,
한국가구,
한국가스공사,수급주
한국경제TV,
한국공항,
한국금융지주,수급주
한국기업평가,
한국내화,
한국단자,
한국맥널티,
한국바이오젠,
한국비엔씨,
한국석유,
한국선재,수급주
한국수출포장,
한국쉘석유,
한국알콜,
한국앤컴퍼니,
한국자산신탁,
한국전력,대형주
한국전자금융,
한국전자인증,
한국전자홀딩스,
한국정보인증,
한국정보통신,
한국조선해양,대형주
한국종합기술,
한국주철관,
한국철강,
한국카본,
한국캐피탈,
한국컴퓨터,
한국콜마,
한국콜마홀딩스,
한국큐빅,
한국타이어앤테크놀로지,
한국토지신탁,
한국특강,
한국파마,
한국팩키지,
한국항공우주,
한국화장품제조,
한글과컴퓨터,
한네트,
한농화성,
한독,
한독크린텍,
한라,
한라IMS,
한라홀딩스,
한미글로벌,
한미반도체,수급주
한미사이언스,대형주
한미약품,대형주
한빛소프트,
한샘,수급주
한섬,
한성기업,
한세실업,
한세엠케이,
한세예스24홀딩스,
한솔PNS,
한솔로지스틱스,수급주
한솔인티큐브,
한솔제지,
한솔케미칼,수급주
한솔테크닉스,
한솔홀딩스,
한솔홈데코,
한송네오텍,
한신공영,
한신기계,
한양이엔지,
한양증권,
한온시스템,대형주
한올바이오파마,
한익스프레스,
한일네트웍스,
한일단조,
한일사료,
한일시멘트,
한일진공,
한일현대시멘트,
한일홀딩스,
한일화학,
한전KPS,
한전기술,수급주
한전산업,
한진,
한진중공업,
한진중공업홀딩스,
한진칼,
한창산업,
한창제지,
한컴MDS,
한컴라이프케어,
한컴위드,
한화,
한화생명,
한화손해보험,
한화솔루션,대형주
한화시스템,
한화에어로스페이스,
한화투자증권,수급주
해성디에스,수급주
해성산업,
해성티피씨,
해태제과식품,
핸디소프트,
핸즈코퍼레이션,
헬릭스미스,수급주
현대건설,대형주
현대건설기계,
현대공업,
현대그린푸드,
현대글로비스,대형주
현대두산인프라코어,수급주
현대로템,수급주
현대리바트,
현대모비스,대형주
현대무벡스,
현대미포조선,대형주
현대바이오,수급주
현대바이오랜드,
현대백화점,대형주
현대비앤지스틸,
현대사료,
현대약품,
현대에너지솔루션,
현대에버다임,
현대에이치티,
현대엘리베이,
현대오토에버,
현대위아,대형주
현대이지웰,
현대일렉트릭,수급주
현대제철,대형주
현대중공업,대형주
현대중공업지주,
현대차,대형주
현대차증권,
현대코퍼레이션,
현대코퍼레이션홀딩스,
현대퓨처넷,
현대해상,대형주
현대홈쇼핑,
현우산업,
혜인,
호전실업,
호텔신라,대형주
홈센타홀딩스,
화성밸브,
화성산업,
화승알앤에이,
화승엔터프라이즈,
화승인더,
화승코퍼레이션,
화신,
화신정공,
화일약품,
화천기공,
환인제약,
황금에스티,
효성,
효성ITX,
효성오앤비,
효성중공업,
효성첨단소재,수급주
효성티앤씨,수급주
효성화학,수급주
후성,수급주
휠라홀딩스,수급주
휴네시온,
휴니드,
휴럼,
휴마시스,수급주
휴맥스,
휴맥스홀딩스,
휴메딕스,
휴비스,
휴비츠,
휴스틸,
휴온스,
휴온스글로벌,
휴젤,
휴켐스,수급주
흥구석유,
흥국,
흥국에프엔비,
흥국화재,
희림,
힘스,
